{"cameraMode":{"drawMode":0,"name":"Shaded","section":"Shading Mode"},"sceneLighting":true,"audioPlay":false,"sceneViewState":{"m_AlwaysRefresh":false,"showFog":true,"showSkybox":true,"showFlares":true,"showImageEffects":true,"showParticleSystems":true,"showVisualEffectGraphs":true,"m_FxEnabled":true},"in2DMode":false,"pivot":{"x":649.9910888671875,"y":782.2984008789063,"z":1286.66845703125},"rotation":{"x":-0.000590345764067024,"y":-0.0009048020001500845,"z":-4.0445448235004735e-7,"w":1.0000054836273194},"size":1510.6976318359375,"orthographic":false}