{"cameraMode":{"drawMode":0,"name":"Shaded","section":"Shading Mode"},"sceneLighting":false,"audioPlay":false,"sceneViewState":{"m_AlwaysRefresh":false,"showFog":true,"showSkybox":false,"showFlares":true,"showImageEffects":true,"showParticleSystems":true,"showVisualEffectGraphs":true,"m_FxEnabled":true},"in2DMode":false,"pivot":{"x":947.9080810546875,"y":422.8149108886719,"z":0.202056884765625},"rotation":{"x":0.0078093125484883789,"y":-0.0069044893607497219,"z":0.00005401350790634751,"w":0.9999510645866394},"size":157.52059936523438,"orthographic":false}